{
  "$schema": "https://raw.githubusercontent.com/DotNetAnalyzers/StyleCopAnalyzers/master/StyleCop.Analyzers/StyleCop.Analyzers/Settings/stylecop.schema.json",
  "settings": {
    "indentation": {
      "indentationSize": 4,
      "tabSize": 4,
      "useTabs": false
    },
    "orderingRules": {
      "usingDirectivesPlacement": "outsideNamespace",
      "blankLinesBetweenUsingGroups": "allow",
      "systemUsingDirectivesFirst": true
    },
    "maintainabilityRules": {
      "topLevelTypes": [
        "class",
        "interface",
        "struct"
      ]
    },
    "documentationRules": {
      "companyName": "Manjunath Keshava",
      "xmlHeader": true,
      "copyrightText": "{companyName} Copyright (c) 2018",
      "headerDecoration": "-----------------------------------------------------------------------"
    }
  }
}
