{
  "version": "0.2.0",
  "configurations": [
    {
      "name": ".NET Core Launch (web)",
      "type": "coreclr",
      "request": "launch",
      "preLaunchTask": "build",
      "program": "${workspaceFolder}/example/bin/Debug/netcoreapp2.2/example.dll",
      "args": [],
      "cwd": "${workspaceFolder}/example",
      "stopAtEntry": false,
      "internalConsoleOptions": "openOnSessionStart",
      "launchBrowser": {
        "enabled": true,
        "args": "${auto-detect-url}",
        "windows": {
          "command": "cmd.exe",
          "args": "/C start ${auto-detect-url}"
        },
        "osx": {
          "command": "open"
        },
        "linux": {
          "command": "xdg-open"
        }
      },
      "env": {
        "ASPNETCORE_ENVIRONMENT": "Development"
      },
      "sourceFileMap": {
        "/Views": "${workspaceFolder}/Views"
      }
    },
    {
      "name": ".NET Core Attach",
      "type": "coreclr",
      "request": "attach",
      "processId": "${command:pickProcess}"
    }
  ]
}
